
{
    "WARSZYCKI_START": {
        "type": "quest_only",
        "title": "Tajemnica Skarbu Warszyckiego: Pierwszy Krok w Czasie",
        "description": "Witajcie w Włodowicach! Wasza podróż w przeszłość zaczyna się na tutejszym rynku. Odnajdźcie symbol miasta – herb, który strzeże jego historii. Na nim, wśród dawnych znaków, ukryta jest liczba. Podaj sumę cyfr roku, który jest pierwszą pisaną wzmianką o Włodowicach.",
        "answer": "5",
        "hint": "Szukaj herbu w pobliżu zegara. Pamiętaj, że odpowiedź to suma cyfr roku.",
        "answerType": "single_input",
        "nextQuestId": "WARSZYCKI_ZADANIE_2"
    },
    "WARSZYCKI_ZADANIE_2": {
        "type": "quest_only",
        "title": "Strażnicy Progu Świętości",
        "description": "Przed wejściem do 'Domu Pana' stoją dwaj cisi strażnicy, których imiona szepcze historia. Ich postacie, wykute w kamieniu, opowiadają o dawnych czasach. Wpisz imiona tych, którzy od wieków czuwają nad tym miejscem.",
        "answerType": "dual_input",
        "answers": [["S ROZALIJA", "ROZALIJA", "S. ROZALIJA", "S.ROZALIJA"], ["S ROCH", "ROCH", "S. ROCH", "S.ROCH"]],
        "hint": "Szukaj postaci po obu stronach wejścia. Ich imiona są wyryte u ich stóp.",
        "nextQuestId": "WARSZYCKI_ZADANIE_3_Q1"
    },
    "WARSZYCKI_ZADANIE_3_Q1": {
        "type": "quest_only",
        "title": "Kamień Fundamentów: Rok Początku",
        "description": "Historia tego kościoła jest zapisana w jego murach. Poszukaj tablicy informacyjnej, która opowiada o jego budowie. Znajdziesz tam rok, w którym biskup Kazimierz Łubieński położył kamień węgielny. Jaka jest ostatnia cyfra tego roku?",
        "answer": "1",
        "hint": "Skup się na dacie związanej z kamieniem węgielnym na tablicy przy kościele.",
        "answerType": "single_input",
        "nextQuestId": "WARSZYCKI_ZADANIE_3_Q2"
    },
    "WARSZYCKI_ZADANIE_3_Q2": {
        "type": "quest_only",
        "title": "Tajemnice Wieków w Kamieniu Zaklęte: Pytanie 2",
        "description": "Z ilu wież składała się pierwotna konstrukcja kościoła po rozbudowie w 1796 roku?",
        "answers": ["cztery", "4"],
        "hint": "Odpowiedź znajdziesz na tablicy informacyjnej przy wejściu na plac kościelny.",
        "answerType": "single_input",
        "nextQuestId": "WARSZYCKI_ZADANIE_3_Q3"
    },
    "WARSZYCKI_ZADANIE_3_Q3": {
        "type": "quest_only",
        "title": "Tajemnice Wieków w Kamieniu Zaklęte: Pytanie 3",
        "description": "Który król był fundatorem pierwotnej parafii we Włodowicach, według zapisków historycznych?",
        "answer": "Kazimierz Wielki",
        "hint": "Odpowiedź znajdziesz na tablicy informacyjnej przy kościele.",
        "answerType": "single_input",
        "nextQuestId": "WARSZYCKI_FINAL"
    },
    "WARSZYCKI_FINAL": {
        "type": "info_only",
        "title": "Gratulacje!",
        "description": "Ukończyłeś pierwszą część przygody! Przygotuj się na kolejne wyzwania...",
        "nextQuestId": "PRZEJSCIE_DO_PALACU"
    },
    "PRZEJSCIE_DO_PALACU": {
        "type": "info_only",
        "title": "Kolejny Cel: Ruiny Pałacu",
        "description": "Twoja przygoda prowadzi Cię teraz w stronę ruin dawnego pałacu. Tam czekają kolejne tajemnice do odkrycia.",
        "nextQuestId": "ATENY_OLKUSKIE_ZADANIE_1_Q1"
    },
    "ATENY_OLKUSKIE_ZADANIE_1_Q1": {
        "type": "quest_only",
        "title": "Duch Aten Olkuskich: Architekt Ruin",
        "description": "Wśród cichych ruin pałacu, historia szepcze o jego twórcy. Był kasztelanem krakowskim, który po potopie szwedkim podniósł to miejsce z popiołów. Jaka jest trzecia litera jego nazwiska?",
        "answer": "r",
        "hint": "Nazwisko znajdziesz na tablicy informacyjnej przy ruinach pałacu.",
        "answerType": "single_input",
        "nextQuestId": "ATENY_OLKUSKIE_ZADANIE_1_Q2"
    },
    "ATENY_OLKUSKIE_ZADANIE_1_Q2": {
        "type": "quest_only",
        "title": "Duch Aten Olkuskich: Rok Oświecenia",
        "description": "Michał Poleski, wizjoner, nadał temu miejscu miano 'Aten Olkuskich'. Rok, w którym to nastąpiło, jest zapisany na tablicy. Podaj sumę cyfr tego roku.",
        "answers": ["16"],
        "hint": "Szukaj daty związanej z Michałem Polskim na tablicy informacyjnej przy ruinach pałacu.",
        "answerType": "single_input",
        "nextQuestId": "ATENY_OLKUSKIE_ZADANIE_1_Q3"
    },
    "ATENY_OLKUSKIE_ZADANIE_1_Q3": {
        "type": "quest_only",
        "title": "Duch Aten Olkuskich: Skarbnica Wiedzy",
        "description": "Biblioteka Poleskiego była prawdziwą skarbnicą wiedzy, liczącą tysiące tomów. Ile cyfr ma liczba, która określa jej wielkość?",
        "answers": ["5"],
        "hint": "Liczbę tomów znajdziesz na tablicy informacyjnej przy ruinach pałacu.",
        "answerType": "single_input",
        "nextQuestId": "ATENY_OLKUSKIE_NAGRODA"
    },
    "ATENY_OLKUSKIE_NAGRODA": {
        "type": "info_only",
        "title": "Nagroda: Szkic wnętrza biblioteki",
        "description": "Oto fragment mapy, która poprowadzi Cię do kolejnego celu. Tam, gdzie król schodził z konia, dziś schyl głowę po wiedzę. Podążaj ku miejscu, gdzie nauka miała swoje laboratorium – znajdziesz tam ślad przeszłości. Zwróć uwagę na kształt, który wskazuje drogę.",
        "nextQuestId": "GAME_FINAL_MESSAGE"
    },
    "GAME_FINAL_MESSAGE": {
        "type": "info_only",
        "title": "Gratulacje!",
        "description": "Gratulacje, Poszukiwaczu Przygód! Udało Ci się odkryć wszystkie tajemnice Jury! Twoja spostrzegawczość i determinacja zostały nagrodzone. Mamy nadzieję, że dzięki tej przygodzie nie tylko świetnie się bawiłeś, ale także poznałeś fascynujące historie i sekrety naszego pięknego miasta. Dziękujemy za wspólną podróż!"
    }
}
